link;title;subtitle;price;transfer;country;
https://www.ebay.com/itm/185984209626?hash=item2b4d85d2da:g:zBMAAOSw89lkrzWc&amdata=enc%3AAQAIAAAA4CS%2B6p0Rt%2BaibkCd8VfwHOa9NndyaRF%2B%2BcDVv5hNon4BIaSSGf%2BUYdCW6%2FxSM%2BwHli%2FdEqAGW3MOS4CIxvx3gNqMbb0VsOIlH9so8csVHf4SmW4H8W1hNY6HQWcmFMlI4%2BXC0GxpRfs2uZU5efOQxOJ%2FMV0RwY0BmDS%2FMO7MjoFoi2A0BbTfijg4bHnrVbrjXM0MG1g911tD%2BjgVXm8ulpxmO2RUxxjyAISvko%2BBlQzkLMLdbpZ5nICC5vH3ibIfIu8YdRMboZMoOjEHNUBfpIMJfhRGGGN76ijFOs9V%2FPWS%7Ctkp%3ABFBM_M7cg7ti;HP ProBook 650 G2 15,6" Core i3 6100U 2,3 GHz 8 GB RAM 512 GB SSD Win 10 ProOpens in a new window or tab;Restaurados Â· HP;USD145.00;+USD79.10 por el envÃ­o;de United States
https://www.ebay.com/itm/155585516982?hash=item24399e95b6:g:JjgAAOSwijVkbiks&amdata=enc%3AAQAIAAAA8INU%2BfXiEc2wmqS31IsBOvv2Pgn9rECanwifBbNAbyZmPG0gqBKEsnERM9tQAIDEezWfwhPPlT6g%2FFzQvuZl4fluOM4APjm7GWB0KN2hA5vuftel3GHRNc9XnpfkpyydT0013LdSUc5FfSfRv6fYnA5YiIVpHQV2eOX2xC12yYWvg02jFa612qFRgA1MMcbaVyOrQxH65C8UQZZeNcHMSzmxBw%2BDqPC9QrJe49DRO7IrPspUnZEMBHo6hU2nK%2FmXMnxe3t9dE7r0TKdZ0TRRkuwZMkofaG8J7rIEDe1qXeQqC8levJ8lZLRbO7wddsmRkw%3D%3D%7Ctkp%3ABFBM_M7cg7ti;LAPTOP SÃPER RÃPIDA WINDOWS 10 BARATA INTEL CORE I5 4/8/16GB RAM 1 TB HDD SSD CÃMARA WEBOpens in a new window or tab;Restaurados;USD127.70 a USD242.65;EnvÃ­o no especificado;de Reino Unido
https://www.ebay.com/itm/225704954170?hash=item348d10493a:g:eAgAAOSwemZkynVV&amdata=enc%3AAQAIAAAA8FSW7W8ysrh6euyBA%2FG8XFV%2FT45UfRwnagg0CQ7VLVH3eN8PGMkTA6pdyNR0f8eiczXeYXX8gJ9xpadvfEHh3DSpN6xaQ42IWjggvjxXrXTzhPvQxeM7qS9rAnZEzvYY5003jzLsgxTLWFdy%2F%2BS%2BFehIMMUQJ9KFxbl4Qdn1p%2BTaXod32AkooAOo1KFVCD3CPx5Hmvslu9FUcllYYf2y4A6F%2F7JS4meU8%2B%2F3KxGCUuWwEjUjfXFXcExBM3aiH6x%2BbAGm8c9zuWNI3nCc42jFckGEhnfayEpyBciUhCtRIr7SDa1OSDLpBx6Z2P1gMt%2FWlw%3D%3D%7Ctkp%3ABFBM_M7cg7ti;LAPTOP SÃPER RÃPIDA WINDOWS 11 BARATA INTEL CORE 16 GB RAM 1 TB SSD CÃMARA WEB WI-FIOpens in a new window or tab;â 1 AÃO DE GARANTÃA â Listo para usar â Entrega al dÃ­a siguiente;USD127.70 a USD229.87;EnvÃ­o no especificado;de Reino Unido
https://www.ebay.com/itm/185912458045?hash=item2b493efb3d:g:T-QAAOSwaxlkyEDw&amdata=enc%3AAQAIAAAA4IJeLdY7greJ3QxE51nCtwcYkXC%2BjK68Cig8dWhAeliLshjFDNWPqrTku3n3v4h5gOC9I2PP7o8P7%2B1oVZxQWO4b7jPjj%2FuHrhF9jonryadj3Ed%2B1U4sk36KSBQSZyV%2B7tj8wNxmg94i2CUoZjAzc8a6WkbYPxCFQIYZHX8%2FSe7GKcgiG1Gzox5pnnj7BnuE2cYnALDdTxTdY%2BYBRMCs0X1UwVT4GfeWgaTewhpIsN7ZV8FXPParFKVtV17eMif5aEP38wRk3fZli9eIymmq80vOS8DqjaFp3RFTY6Vf5oQp%7Ctkp%3ABFBM_M7cg7ti;Dell Latitude 7290 12,5" Core i5 8350u 1,7 GHz 8 GB RAM 256 GB SSD Win 11 ProOpens in a new window or tab;Restaurados Â· Dell;USD169.00;+USD68.75 por el envÃ­o;de United States
https://www.ebay.com/itm/224696171708?epid=1081101586&hash=item3450ef7cbc:g:0fgAAOSwTNNhk~On&amdata=enc%3AAQAIAAAA0N0w23vOWZZhnaQsAoUQZ4bmmudDNTyYzNSca9cTzIOFb1nHfkAPbMS89QyTiec3hq%2BI3sZSanJNdra1YnQlXE2s5QZ1kSybjq%2FghH8PAJnnb17UdbtA%2F36KLbR08GE2ke1ngYjQyH%2BrLcJnrlRIJ%2B%2FpBN7%2FZ%2BbBRIC5pAV9Ty4NKAV6n5951bwtqnWLKhh2eHIYhz8UnD5%2FI%2FJUL7LutyPyQSYQFVluEr%2F7ieW8L3xF4qRRR%2BUtapU6eOXLdzXHkommhuL0QHEKSmoUMdb%2FQAQ%3D%7Ctkp%3ABk9SR_zO3IO7Yg;Pantalla tÃ¡ctil Dell 7370 QHD de 13,3" (Intel M5, SSD de 256 GB, PC4 de 8 GB, Windows 11 Pro)Opens in a new window or tab;Restaurados;USD260.89;dharimall (5.279) 98,3%;Â¡CÃ³mpralo ahora!
https://www.ebay.com/itm/225595047325?hash=item3486833d9d:g:zykAAOSwB01kfEQi&amdata=enc%3AAQAIAAAA0ObUmRx8NcwU2Z%2Brk60QLAmQiItMbJBLXdV1IHfGGwICH%2FCbdNKCy0%2BHxDPLevOR73q9x3Lx7Nh6SyotaSCaBSR3U8FeqsgS14p6nAJx4Tddp77uhmBZBCV64KfJTl1zKjSSJGqVoxDN%2F1EysoJ0DMEXtCVDRImCvoykfhFFVWSLJYrphWyJLN2Ivm8miWxm3Dz5RwjHw6QnmhenLKCIHFT5qUCben2BhcYRmKcLl0wqJDqx0KNa6lXo2jE5fWybkObpQNZK1cIe00OJS8ExQJs%3D%7Ctkp%3ABk9SR_zO3IO7Yg;Teclado Lenovo THINKPAD T400 Win 7 Pro 4 GB 120 GB 14"" Ita Dvd-Rw WifiOpens in a new window or tab;De segunda mano Â· Lenovo;USD307.73;simpletek-l*elettronica-lowcost (12.573) 100%;EnvÃ­o internacional gratis
https://www.ebay.com/itm/134680656915?hash=item1f5b97bc13:g:WG8AAOSwLmRkz5Wm&amdata=enc%3AAQAIAAAA8O9LbB8vizACD42eu1owwfDDv%2FEwICn1e5CuYjQXgg7ipsr5p5SZ1vkYGGEnZy94oZI70FnphNJH6t5JJLIgqCyMMU3B4DoJHImh8wDYIz%2FG4de5JKY%2Ff5klmWezVntpXvOSECctIlAk%2BU%2B9EmYndPiHaSuCcKHfrariA4xotVWrpo%2BJj07cF0Q6UbKezRWyq407v9iZ5XsHzkfdfVJ8018h2aGapynuJtavcQNq8s0VHbzEW%2Foq9iz12SEwpbZ6tieZRlp8xyvI0s7xn6gIfWiIm4ZxrDi%2Fe0vtvTrdNlYqV6ov7u6IwFKMePMUW21i2g%3D%3D%7Ctkp%3ABk9SR_7O3IO7Yg;HP Elitebook 840 G5 (2FA64AV) i5-8250u 16gb, 256gb M2 SSD, 14" Windows 11 ProOpens in a new window or tab;Restaurados;USD140.29;+USD44.01 por el envÃ­o;de PaÃ­ses Bajos
https://www.ebay.com/itm/295853001212?hash=item44e23689fc:g:H6AAAOSwfehkyMb1&amdata=enc%3AAQAIAAAA4FahVlW4dasi8USOSjSP0A2JUO2PcfwIDztSn%2B5yu%2BpiOsmznYqgbY7WC5APbq96gTKKbRx7x4mfqR%2BFM03zVJC%2Br%2BWe4SAUPxF8Ub6XvDPSuz%2BNHIRpNdq0jNsW1fML93Z8xGOCBnNFInyVQcXTqhCWopBEqnZ4WkdLoHxiuM%2BsiIPuVdl7V7JF044LlZ%2BoFGVz8bC01J2CSGs7oXQJj5%2FsDER40RkI7Ui%2FWxQ7cTRIFfVgidbCk4sUIjqNQVqmZxcVKyah3I1386rG2ShqsHnTqtxz4FAbNNHkheJnn1UC%7Ctkp%3ABk9SR_7O3IO7Yg;Tablet portÃ¡til portÃ¡til Dell Venue 11 Pro 7139 10"" tÃ¡ctil 8 GB 240 GB SSD con WindowsOpens in a new window or tab;De segunda mano Â· Dell;USD344.55;simpletek_l*elettronica_lowcost (30.052) 100%;EnvÃ­o internacional gratis
https://www.ebay.com/itm/295725148392?epid=27025990080&hash=item44da97a8e8:g:PrEAAOSwZAlkfERC&amdata=enc%3AAQAIAAAA8KU8kPb8Y2Y9D%2BhkgVaxJ7yop4Qs9clOHxApptgzxJqSNtDPLlR75aVyCPrFzZ2a2jm3hdLV1YIDbF%2ForrCeZB4No6Ry0GWw1SJQx4VaAT7s9SkvOpbFlwvhSe%2FzLBeBYG2nNh16XmpXi19Sla5FpKhhACF%2BfybtVopBZIOc5dcmrOIv8qxoROZjI1GoHhs4SlaplU6xEcvxeKBAONDe2XgcwO1e%2BKG2%2Fp85weZcczKv6xCkiGj1rH9BR0vWxPkacQKjDwEGqjwNGgN6NxQiOVLc5FczQTOdpJY9nHaKAodo%2BkZyoAc7MRhWLvdC%2ByO0Bg%3D%3D%7Ctkp%3ABk9SR_7O3IO7Yg;Teclado Lenovo THINKPAD T400 Win 10 Pro 4 GB 120 GB 14"" Ita Dvd-Rw WifiOpens in a new window or tab;De segunda mano Â· Lenovo;USD307.73;simpletek_l*elettronica_lowcost (30.052) 100%;EnvÃ­o internacional gratis
https://www.ebay.com/itm/155421876054?hash=item242fdd9f56:g:nQEAAOSwqD9j9edB&amdata=enc%3AAQAIAAAA0M8m6mQGAm67AmV5XBQvAj80%2Fs178MT2BnJpKlUnZ2U4rEIgidTZc616lBQ9q1oeu2SVbaQNf1UGKIoe21REFYJ51b13ZMEFXWT5rlv0hC%2B7KEotjwPw%2B3PYbL7BL2gPyJH6M7EwxTMjBChbcXZu7Uyl%2BgWiMIQNORxH%2BIex7cGvcFwPAXLfoZm0k7oOlfBzUNi8swW3VtZlGtxJLAxkyOewCVwMDRG2P8wSAHQ9e3HQuH6LdWZPrLlv%2BTP%2BKWanB9%2FWVu5xsutjMpB2sCEXUZA%3D%7Ctkp%3ABk9SR_7O3IO7Yg;LAPTOP DELL VUESTRO 15" WINDOWS 11 NÃCLEOS I3 8 GB RAM 500 GB ALMACENAMIENTO CÃMARA WEB HDMI HDOpens in a new window or tab;ð PRECIOS AGRESIVOS DE ALTO RENDIMIENTO ð;USD146.81;inteliqo (8.339) 98,9%;EnvÃ­o no especificado
https://www.ebay.com/itm/115603286837?hash=item1aea7e2b35:g:nV0AAOSw~wdjfE2o&amdata=enc%3AAQAIAAAAwJiCL9GmNGxtf%2BOLmp4py0%2Bub7qkWPOLLZuOhj0kMyI0gQPV0Qd8aBrqtXho35EQl5M%2BgVeSzNNyjFgPkfi%2FQsjxZxocqyZYSDNHaG0oik97%2BM%2BFkHNCDGtghIMQkuFiN3mWRniGE6kkriFzSsjv%2BTdd7PCEl69FW57Cq0oGRbilLXoCZ0d8o8%2B95TCW0vJI2AaKuRD2PLaSNGUQ2uCUhI2iRwqRl%2BH9BTWNob775mOOi3ewy734W044eqPyJhbn%2Bg%3D%3D%7Ctkp%3ABk9SR_7O3IO7Yg;HP Chromebook 11 G4 11.6" Intel 2.16 GHz 4GB RAM 16GB eMMC Bluetooth HDMI WebcamOpens in a new window or tab; Â¡Venta de regreso a la escuela!Â¡! ð;USD69.99;jetpaltd (1.460) 100%;Â¡CÃ³mpralo ahora!
https://www.ebay.com/itm/155120112563?hash=item241de113b3:g:iI8AAOSwEupi-irY&amdata=enc%3AAQAIAAAA8IdtovR3FvwmNqcGg%2BFsKz35kapGQehkb48Gn07mkiv0SNtNaPXZdyU9sPO8uoqwR1RTZDypaO6GF%2BoHOx3vIhynz7bDysRLHZ20m5J8NVz%2BZyyFpkU0QWRkYA%2BKMPbYsYk7uYf9azqI70YJAYhwFwXBn1y9v28FI8KzzLOOZKhGiFWsxx2XjeBO1x6hu6eum4rqdssM5s0yDY7OaczGUyy1joDHg3n08Ab%2FqB5IGy1KSMVKwP4lJDFx8NUb3mMiABo8W4PyXXgZpCzTrqAy1nTs7NMx3CGM8EQe%2FWp%2FhGHC9Rz4Z%2BU%2BL0Pnx9FHyS7VBQ%3D%3D%7Ctkp%3ABk9SR_7O3IO7Yg;LAPTOP RÃPIDA WINDOWS 10 DOBLE NÃCLEO 1 AÃO GARANTÃA INALÃMBRICA 120 GB SSD 4 GB RAMOpens in a new window or tab;ð PRECIOS AGRESIVOS DE ALTO RENDIMIENTO ð;USD89.39;inteliqo (8.339) 98,9%;EnvÃ­o no especificado
https://www.ebay.com/itm/285395137081?hash=item4272e03239:g:BtYAAOSwuMdkuwkJ&amdata=enc%3AAQAIAAAA0MM%2FzpQn%2BoRIjBbGBF482EL%2BRWRjlKCvANslgKca98shhn44mug8sYDTUvTgt%2FCc2wrIEuontKsFcy02zMVxgKFEhZu7wakjy7GeBdbXvGN2hoqyeuIrCgpTyosym001ExjGXie7K%2Fq4gt1SDnOE9bDc7VpRykfFjWCfYO4kA8N%2FbN8e08cllfM9RoeaL%2BhYYz6ownabESyTrZljX0AhyC1p2g1Jq5NEgm%2FbXov2Lxd0waArQud0Y4EJlRuIe%2B9yq2cyv8IAz%2F%2BlhAhzCzWZLDU%3D%7Ctkp%3ABk9SR_7O3IO7Yg;Computadora portÃ¡til portÃ¡til Dell E5430 I5 14"" Win 11 Pro 8 GB 240 GB HDMI DVD-RW_Opens in a new window or tab;De segunda mano Â· Dell;USD528.00;simpletek_l*elettronica_lowcost (30.052) 100%;EnvÃ­o internacional gratis
https://www.ebay.com/itm/266261594040?hash=item3dfe6d7fb8:g:jF8AAOSwN29kzol0&amdata=enc%3AAQAIAAAA8Gf9fZKhpLQTDqAJddobwn8b%2B7hYP%2FmH%2BgAX7VmCunzxrQ8GydGnUaHYjZdRYsoeboGnUwW4yul4mn2aNuMEBUWuSJWfcbw2K%2FRWaegPqmYxOO4yDpv5IurBr542XgrO0vw0fMSr6g8lELG%2F1SwQ1s5aQ6%2B0GqWYjTINnqRqZ13IZMfBchxcl539CUnwwRHGThJ0j44SBiIkpXuc281qo3qCXoQ77SWes6M4masXoI5hSW5rgSymTCm%2BGEqtkifFK%2F7eIwS6mzP7r%2FNJ21W72O64KJNC9eQ4ZCO0c4tleFouC0ZNlB0F5tRVOiT%2BiZhecw%3D%3D%7Ctkp%3ABFBM_s7cg7ti;Notebook Computer HP 14-cf0006nl Ricondizionato 14" i3-7020U Ram 8GB SSD 240GBOpens in a new window or tab;Restaurados;USD181.56;lionshop1967 (2.112) 100%;+USD38.51 por el envÃ­o
https://www.ebay.com/itm/186024984366?hash=item2b4ff3ff2e:g:uI8AAOSw3mNk0XX2&amdata=enc%3AAQAIAAAA4F3J1KNmSKpIaPy%2Fp3qFWJstuQN75f4uxcRQ8VQekjyOeypl1Ez7GC7jjeraIsdR4EwKxFlBp%2BYEzNB9UWIEBHhLsYDrp3GfzIkU8ETjjfvuQysSMn2yyPuLj4Fnhdahr5f%2FK1J4aZ%2FAetjqQ9rOE%2FxaR1JzC%2FUGsANKs1W%2FhBbppeqngPjVHZYmUtk%2FngVpPKHVrr%2BaocpDwnn2BQX1KavnpK4ght%2BzG5QaElpASWuSyoP%2BhZ%2FpLSqJ5ZnvT1WVY%2ByZi%2FxdjNLUz3MoUmLuzpEVb84HGkQgbY%2BZY0f4zwRf%7Ctkp%3ABFBM_s7cg7ti;HP EliteBook x360 1030 G3 Core i7 8650U 1,9 GHz 16 GB RAM 1 TB SSD Win 11 Pro TouchOpens in a new window or tab;Restaurados Â· HP;USD399.00;+USD462.25 por el envÃ­o;de United States
https://www.ebay.com/itm/185201190604?hash=item2b1ed9e6cc:g:~lgAAOSwbOJkUuBz&amdata=enc%3AAQAIAAAA4NlwDIj1%2BjjsBi4itKttn4SO78O9TO%2B%2FAliP0Wr7ZyFsjDagOBpixNx53Jq4A%2B4siWNu87kDVoNkIuymUklDLfOz2ZylIbowMEq%2Fu51m0Q28SWL6SXwZwpp6hs5%2BMLgimp9XuThJCvxLQmF3hn2c6%2BHRiP3bakBgI03CPrVSGwq1%2FulavBBrQUWn%2BvFU95N1K6SRt1Exn8PjhOCEC%2BFPsuwHDNkg%2BVYWLAvzWC0XeUHNWwr7VcNKiJhcsyplk9svutSaVyKgiI5x4%2BGsQt7S6ou9vPHX7AmeW3rUn1R1YUhd%7Ctkp%3ABFBM_s7cg7ti;Dell Latitude 7480 Core i7 7600u 2,80 GHz 16 GB RAM 512 GB SSD Win 10 ProOpens in a new window or tab;Restaurados Â· Dell;USD289.00;+USD73.95 por el envÃ­o;de United States
https://www.ebay.com/itm/155694025284?hash=item2440164a44:g:HC4AAOSwvgxkxieP&amdata=enc%3AAQAIAAAA0HLwkxOzzWKQf4OjTkNFYbFzV8yDQqEUG8zseBTZAKC%2BNm2fde%2FJA6%2FRlS7Vzn2HfLRuBmiql9r6OMOnZluyKFHkLV0I%2Fac2YR97PnIASrmMiPN8o%2FNzZKamTElNLrCuZUOrHgfUXVcrsly8N8HEHCIEOsSGu9Sl3Luvo1zBgiFlBVVH7WPfgLnXiC%2FNRYQBRgb7aViYgtbL3SezbLkBJ8vGOBSSgMQLU35QLDyVAyom0OCpNjZkRuGGEFlwKYPCoDET4pBZGoclpHUwW8n5Uz8%3D%7Ctkp%3ABk9SR_7O3IO7Yg;LAPTOP RÃPIDA DELL CORE i7 128gb/256gb ssd 8gb ram windows 11 12.5" hd slimOpens in a new window or tab;Restaurados;USD172.40;inteliqo (8.339) 98,9%;EnvÃ­o no especificado
https://www.ebay.com/itm/235097033292?hash=item36bce00a4c:g:nQ4AAOSwOctkuTWe&amdata=enc%3AAQAIAAAA0JkF%2BRk59W9Ce8I0KzRRzRdHKgKt7iJvuCIkecZvKGWzs0utAnYK1Yf2W43X23mmmTcyxq7sjt%2B9V71D5Uuex4JFl7HJIX%2Bu1qtBZOh9VwU4ShhjYUd2vi0WuS3r3prnrDv0Q4%2FCQuUjLx%2FqOEFOoGq6pfE0oISat%2FH3YBpP%2Bbu4A5pvW55H9t7BouPhI3MYTmi4rinibvZlJGPGKGiSjNqCVfHiJouQ9rEpQ3F7aBYFdSmrRUDpVyH9fkX0XN3Wc%2FZ9O8K2ZPT%2F19%2BiiwIvajM%3D%7Ctkp%3ABk9SR_7O3IO7Yg;Microsoft Surface Laptop 4, 1951, Intel Core i5, 8 GB RAM, 256 GB SSD, Windows 10Opens in a new window or tab;Restaurados Â· Microsoft;USD517.23;blackmoreit (103.005) 100%;o Mejor oferta
https://www.ebay.com/itm/204396477556?hash=item2f96fabc74:g:hocAAOSwCWJkx4Zn&amdata=enc%3AAQAIAAAA8P5sIIxbMqNUh5ZM5SQQMauyZkPqSYjyP%2FiY1ZqY13oLfRgnjQqdrHTsT%2BfivithozfHx7RnuOuSS%2B%2FZzCcBNEuBFrMqowSsQytJfHnWDGQGNe2pi7Ta%2FozFl8NbJ57bbUnvXSNB8fJEnRisfsx6ivR07qcqypM6ujqcPoCLTVCvF6oUONrCkNRKcmzpI9U5yoU3AJnW3Lo71RIEq%2BEhLM%2FYMWH6NOKx9eMGErcXhovuY7oMJIdb7%2F5JsZb1RCmWAoj2O0PenWWD0OiFJlNO1zATeH0f2EY3rgAZaV5jFrGOBZCQvXz9EGiQQtk0v%2FjdHQ%3D%3D%7Ctkp%3ABk9SR_7O3IO7Yg;Lenovo ThinkPad T490 i5-8365U 8 GB 256 GB LTE 14" FHD Windows 11 Pro F31Opens in a new window or tab;Restaurados Â· Lenovo;USD329.99;+USD22.00 por el envÃ­o;de Alemania
https://www.ebay.com/itm/185595918281?hash=item2b3660f7c9:g:H0IAAOSwfZhiQ5Fj&amdata=enc%3AAQAIAAAAwF1uDyyjaVPuQxoWfAr7k79Mu3M7Q8El0lQMjjt7xfPLEV%2BC2NYEpVz%2BjnpuiwQWjfzB%2B4bplp%2FtzOJUHyODw542n%2FdA%2F%2BUr%2FM1FRAwBwqyaS7HUpdl1yztUNT8hMIrGdbjGXf%2Bl%2Fg3G%2BslSCd5klvAHmZ%2F35%2BJs4DsfeFVvQuJkj2WrnxkK87el4%2Blz2ksdS7xvvKpWWjAZu%2FClWMp3swxw2Njc6btFK9ZyGP9whWWGYkRXr8hxMl%2BkLonySLuOYw%3D%3D%7Ctkp%3ABk9SR_7O3IO7Yg;Panasonic Toughbook CF54 i5 6300U 16 GB RAM 512 GB SSD Win 10 Pro Pantalla TÃ¡ctilOpens in a new window or tab;Restaurados Â· Panasonic;USD465.00;+USD462.25 por el envÃ­o;de United States
https://www.ebay.com/itm/185840399205?hash=item2b44f37365:g:-u8AAOSw0AhkKgwx&amdata=enc%3AAQAIAAAA4B%2Fpy3PpI0WNcgLle4slBrnoJfai59FdhoqpN7ZZSkp0NlxdQtNthTSCUWt4CS6MirY%2BYNRZk5prEdvwcEUxgyzSWTMLHFR%2FS2XC8DtmKOYsWJ54DAZpomZIu8cWX1GPMlXVQkPAr%2BAkvT4oeOfFm8FSvfUGgL4NrGllcYra1pizXVhh42l4DoRxdwS0npRj3eHURUZ%2BsBKpxj5pJg6WJaNEXJTTRTv6uAZy7XhQ%2FEKlhPbQimPw5PrP4lqzIokeAhZqx0XO4nzlozYr4P%2BAWuSBWicG6YUKBiXa5Zy2N3%2Ff%7Ctkp%3ABk9SR_7O3IO7Yg;Lenovo ThinkPad W530 15,6" Core i7 3720QM 2,6 GHz 16 GB RAM 512 GB SSD Win 10 ProOpens in a new window or tab;Restaurados Â· Lenovo;USD282.00;+USD84.30 por el envÃ­o;de United States
https://www.ebay.com/itm/275961281763?hash=item404092fce3:g:NegAAOSwiQ1kuwk5&amdata=enc%3AAQAIAAAA8O1PoT0VoBFlc4G%2BFwwlFWkG9F9qxYYauKIXd%2FBmX5BLXXbbTxPqhU%2BJEYoPWjAjZfDR%2Fmh3t1kV8kJS1cQR5er%2Ba0vniwsfJhsXdpuwq%2FoyhmToxIjrnmBSR2RLLnPKrDZE13fFS%2FrYgw%2F8TOZlOQHgX%2Feyb2A7voHUTVCbb8TBLa3gVxDPmdtTwpQ9wreULyIsmN9xb5NIJioAHR%2Bg3cZczlx7uL9QEhsJfE4%2B1K6hKj3JQvaB6kpwZ5u5UFX7T22Gz7otHTlFj%2Fel4QOAuDkNFBK5or9Gt%2Bs7vuk1%2Fu3rWSvZLDt6jYb9VAIl58CMHA%3D%3D%7Ctkp%3ABk9SR4DP3IO7Yg;Computadora portÃ¡til de negocios Fujitsu E546 14"" I3 Win11 8gb 240gb Notebok_Opens in a new window or tab;De segunda mano Â· Fujitsu Siemens;USD399.51;simpletek_l*elettronica_lowcost (30.052) 100%;+USD49.25 por el envÃ­o
https://www.ebay.com/itm/224323964658?epid=12058565851&hash=item343ac00ef2:g:vVAAAOSwkydgCcUl&amdata=enc%3AAQAIAAAA0EpuSfyeA9N80zS%2F%2BR1519wa5VHezvfu5EG5w1VHhbhvMFYnVsbdIxhXz3e3%2BA0wtIcTZK%2FDjVuDLZdM1%2FANmdUiYxOiUP%2FE2D750ahkeA1mBW1N5QwTG2%2FqtxKKD2D9ekz4Cg8vasHNIW29Sc2xfZGkLE3lJfdf5ZdAtENKLhlCSrMobI%2BEUK7fa5THIJ2c7pVTkDqZHhr7NETd1MdNPhchYk%2BPE4jflcTTX%2BktmoNeT5GHYGHMLGbU3QWJ%2FwWpTIvXL3iN8gh2qqOcI3e3SN0%3D%7Ctkp%3ABk9SR4DP3IO7Yg;Pantalla Dell Latitude 5480 14" (Intel Core i5 6200, 256 GB SSD, 8 GB PC4, Win11ProOpens in a new window or tab;Restaurados;USD223.51;dharimall (5.279) 98,3%;Â¡CÃ³mpralo ahora!
https://www.ebay.com/itm/134680700216?hash=item1f5b986538:g:dHcAAOSwrD1kz6R8&amdata=enc%3AAQAIAAAA4JWBA9xD9GLrdiNV0qeb6tSOTnYgj91N1kdTJCnJ%2Bwh8OEbbXKy%2Ba1bojVcxbC7aVWA%2BtdOhTsVh%2F2cVpLG2ZVOYOgHAVX%2FiYIuI7iVCyN22L3%2FWj2ZeBQmhIrv4YYuEEBtWaDHO2%2FV6QOnMk0XCWo45tS1Gh9O0MNJjBBQ8rczGfVWg85khElOsUkqSKHqAAzSNTgupi30b18exoNuHUW01fatNr8G22oAhaJvr2gCdsyb8g9ZmlYOb0pHt8F6Fae8vHeNAjJXS9TnFA0r%2F7pHDDNypQqyB%2Ba8BFnsJMG4q%7Ctkp%3ABk9SR4DP3IO7Yg;HP Elitebook 840 G6 (4WG26AV) i5-8265u 16gb, 256gb M2 SSD, 14" Windows 11 PROOpens in a new window or tab;Restaurados;USD220.07;+USD44.01 por el envÃ­o;de PaÃ­ses Bajos
https://www.ebay.com/itm/275961281612?hash=item404092fc4c:g:ffwAAOSwIqJkuwjM&amdata=enc%3AAQAIAAAA8EKlPY0YJKazXDe%2F3NSZVOZ0nsrN8ZCRljapxPepiPGPGnAlqRyrMJoLRnJcN01OaX4JuVZD50pUmqw%2BVex3acv%2BpsQsNt73bxtxk6HiOg2AYp7ZYwFS6gH1e%2FEyxM75IJKXcT69w0DxV1nkFr7BE3GkaSWMqCs6IyD0niRQiGC4eM8GiuKiNYs5hjF0s0kYLoMR%2FxD5errCPAbkf%2FHU8nzE8dI7tOOYrUs7gSpSAR8L0lJWRGZJL9sjC8rXhNgOuU926ZmDLNTZLwG82sb7YdpN%2BlevieSC386BlmeY0HaHF6kU%2FO4FLOZO8swbPVF3Dg%3D%3D%7Ctkp%3ABk9SR4DP3IO7Yg;Teclado Lenovo THINKPAD T400 Win 11 Pro 8 GB 480 GB 14"" Ita Dvd-Rw WifiOpens in a new window or tab;De segunda mano Â· Lenovo;USD325.88;simpletek_l*elettronica_lowcost (30.052) 100%;+USD49.25 por el envÃ­o
https://www.ebay.com/itm/185614932357?hash=item2b37831985:g:8mYAAOSwvTlgCMsH&amdata=enc%3AAQAIAAAAwFI2u31uSDDEnkr5%2FxhS6sm0Oa4ZcF7ARyyZpFlq%2BZKZysjcXIg1fDPwy02lTtq0MBaOdydV8XvnHA8D9aR0XosXcfT6yf7JhTBKmPH7%2BhsZFb9rx5GMmEPrHKY5hSMxlQfwotYm6q5ZK%2FuF4KecGpScZOv5kIu2UdmXrDAXAVKGVWe5dh824ev4qixkzUWpwDvzTkAGpqSaiGpkZpJ2xfoO%2FU2ZmQBYS9c7lguLKLXX8JPcCx4ANwuDozEJrL%2BATg%3D%3D%7Ctkp%3ABk9SR4DP3IO7Yg;Dell Latitude E6440 14" Core i5 4310M 2,70 GHz 8 GB RAM 500 GB HDD Win 10 ProOpens in a new window or tab;Restaurados Â· Dell;USD154.00;+USD82.35 por el envÃ­o;de United States
https://www.ebay.com/itm/185984190820?hash=item2b4d858964:g:2q8AAOSwWV9kry8d&amdata=enc%3AAQAIAAAA4IOW28kCsHRrxsnsFkZ9OyS%2BbhOCr3HtMDD1tbN2RnpjcZPoYepGAKmohk1UoZuFHIXSFw2SJV0fLtv2xSiFpFsQT4sF3QwyQVXqZSRHsxCIW9J8JL4UsTh%2FYYtUxAm1qpg913k%2FAkC48AgqSL9CLpUBfy%2FWVKG8s0JBwSaaJUjBSWQyY7BcsQoZ8v1ldJvGfC8yl7b91oYzcYhu3w8%2FyiMvVGcrQMY2UU%2FWB0in8Y5p5UYNaeWvayiArRLKZsSIjhBiFYY%2FoXbasqU1DoblMzfAtGgGUUZr%2Fo8KLNTFCPQu%7Ctkp%3ABk9SR4DP3IO7Yg;HP ProBook 650 G2 15,6" Core i5 6200U 2,3 GHz 16 GB RAM 512 GB SSD Win 10 ProOpens in a new window or tab;Restaurados Â· HP;USD199.00;+USD79.10 por el envÃ­o;de United States
https://www.ebay.com/itm/185867930325?hash=item2b46978ad5:g:nbYAAOSwJcFkRbAL&amdata=enc%3AAQAIAAAA4Dd7PKM867QUP6OPVD4%2FEcFXwSWoZBu3ZhIHVwnV8iZUEtHSYjF2krIs5ZsNqBQDDcH9OXDGxLXgQW386jN5kvbc0F1%2BBz5nDIMwVUn6rVrYHejqQ97iWvJxngY7yoszuBXm1SOgfU0J2WyI1MiOvR8RW4v8yfurMmtWRexbyHtV0Olz3NZVz9tBuIbY9%2FScgjz8epSBGTljScBfcIaAwj6IROi%2F475IJFLv0%2FGc3frqLf%2F79sDJ2DA2bSRQgHqbK8svkDODJpTDUWbzYY5BmRawR2l327qW7BsbrWgZFbDe%7Ctkp%3ABk9SR4DP3IO7Yg;Lenovo ThinkPad T430 14" Core i5 3230M 2,60 GHz 8 GB RAM 500 GB HDD Win 10 ProOpens in a new window or tab;Restaurados Â· Lenovo;USD156.00;+USD68.00 por el envÃ­o;de United States
https://www.ebay.com/itm/175765639344?hash=item28ec72d0b0:g:0RQAAOSwT5tje43r&amdata=enc%3AAQAIAAAA8NzjHaMdq6axLFJKDGt06SUEPy1NPUnJ2UU7aggI4DRAqAwztElndeC1GYeVjMU5XyK9hHr%2BX%2B%2BqmNH67qgOMIrIDFQ%2B6%2BClcuQ8nOei3T3W2ucv4TEPb%2BCfZ50pPgNz2URMKUNchjzNQqPKvmRl%2Bevxs3aO8xHoPj9LkQTAxXsyAcdNXzzcCw6r8Cyw8HV0vKVjLH99EgxDKpyirjvEoifZrz9QvnZg4pHNTcIdPm3Mc%2BUpndiTEH8pu%2F3s1zzjrgA6ovOtGuYI%2BJDFFc%2Fw0M%2F41v6Egz3mdme2U1NIGbTWITlGpmc91mQRO8TgMoPoow%3D%3D%7Ctkp%3ABFBMgM_cg7ti;Computadora portÃ¡til Lenovo Thinkpad E31-70 Intel Core i3-5005U 4 GB RAM 128 GB SSD Windows 10Opens in a new window or tab;Restaurados Â· Lenovo;USD93.22;+USD114.94 por el envÃ­o;de Reino Unido
https://www.ebay.com/itm/185867956750?hash=item2b4697f20e:g:U8sAAOSw9cNkRbOR&amdata=enc%3AAQAIAAAA4E5HfpMoR6A8coT2WeYwbNFHem%2B9TGhpcoXq4qy240qdpSn21no2h%2F93%2FU1YfP5QzfNnTeseGQBU8S6XuQNjuiNeeAIsc8IawAKADvjExNOq5HVMG%2B3i6X3WfjyohOvMQpqYo2f8kSdxMBTTwVm2%2B6bvPXwd9FPMvmt5zmrUBrIq%2BUEcwvYWafhR9exwPxx0uy1KzQ9RM0Oi7tJa%2FPFRdYxDK%2F%2F7LN%2Fv5r7o0M%2Ba2QgOAAH3Ewcq74XW%2FydbjPunnC50kWGND10PkKUbJ2yGMXzQ6YqoI8pVoQClK7fQOJM%2B%7Ctkp%3ABFBMgM_cg7ti;Lenovo ThinkPad T460 14" Core i5 6200u 2,3 GHz 8 GB RAM 256 GB SSD Win 10 ProOpens in a new window or tab;Restaurados Â· Lenovo;USD154.00;+USD462.25 por el envÃ­o;de United States
https://www.ebay.com/itm/185638403916?hash=item2b38e93f4c:g:omsAAOSwmcljXwC-&amdata=enc%3AAQAIAAAA4KGNA8sDlF0ESOGVzfPnlwaJOhoCBtW8Y0Ux2FwTPD6rpJnEckMhrEhgfI0Ms2kQJ7ImBPkwmv%2Fkd2yXAWDnFvW7Bk3KTYpGzgM5W9%2BUdNhWTNyJgeZPU%2FOY9B1DuqUYwaKRmt9KUwyg5RdyBoKPDn8JV2i2UnU5hj2PIWonEyBt8Oa6LfHnW0YocSmTLE8r5kA%2BorRW4kJMX4W%2BlbaHvTApLN08hJusLzse6lXn7YgKvfixza%2FpAbN6FI7Y04hJ8yxxjL1oHl3eUa4s03UWeuw0WenV0vm5i%2BI8GhdJACLX%7Ctkp%3ABFBMgM_cg7ti;Dell Latitude 5480 14" Core i5 6440HQ 2,60 GHz 16 GB RAM 256 GB SSD Win 10 ProOpens in a new window or tab;Restaurados Â· Dell;USD179.00;+USD68.00 por el envÃ­o;de United States
https://www.ebay.com/itm/184546893667?hash=item2af7da1f63:g:4tUAAOSwQqRfubhD&amdata=enc%3AAQAIAAAA4BIBFnyI7DIqsZuHtfdFNjtOxSIK4qO0CtAkDNyAMCeqXZZXbNTyOLtYaug5eW8Z3%2Flrx8wPGxlDukExg2iGUOhZad752N9IV3uh07guJZ%2B4raw5xeZdATQu5YQ%2FfhBsrvrkX1cODjLI2ZEdIC6BvmQyK5K67nKPKhBnPk%2BBa%2BBtLLldt3bDkSIhtp1%2Bw9ziRhhekcggayQFnZr3jlxK4tdVLwFGXIlhyZX6LU%2FoKXEh7ODWfjfkjrutcNPd62SgXQ6jjFP4mUlNFKncysvtBT3QlR5wKdDiOt%2FNwv4MU3jW%7Ctkp%3ABFBMgM_cg7ti;Panasonic Toughbook CF-53 14" Core i5 4310U 16 GB RAM 1 TB SSD Win 10 ProOpens in a new window or tab;Restaurados Â· Panasonic;USD479.00;+USD84.30 por el envÃ­o;de United States
https://www.ebay.com/itm/295831252248?hash=item44e0eaad18:g:648AAOSwIvRkuwmD&amdata=enc%3AAQAIAAAA0JQGEDy6k87sC0WqM8kRgPCCK09FU6mf5UYDzqx%2BHbB2vfVno%2BvcoTTImTg1zng18OomqtRAqNw0SV3p1%2Fi9rWh3SruG0Q78eNfCqQ88uVXPGGEvjODpu59ds20kmd2%2BgmagKsA8xZVvkQSGTV%2FL5DvijVEPUlklWNhV5%2FWKq%2FXe1nfbmB0L43CjNekw6yn4j4QwBhdmvZblVMb1savNH0kY9dZ8d0gCK7ax8d8vQ2tQ802XzY5VwJ0WbNBbtjPjGnEEGFYZ76vkrnIPgV%2B0i8g%3D%7Ctkp%3ABk9SR4DP3IO7Yg;PortÃ¡til PortÃ¡til Fujitsu A573 I5 15,6"" 4 GB 120 GB Sabor Italiano Win 10_Opens in a new window or tab;De segunda mano Â· Fujitsu Siemens;USD435.02;simpletek_l*elettronica_lowcost (30.052) 100%;+USD49.25 por el envÃ­o
https://www.ebay.com/itm/304775573974?epid=2219919628&hash=item46f60a31d6:g:aJEAAOSwhN9j2Ry7&amdata=enc%3AAQAIAAAA0NAmxd4BJ5CdEy%2BOsd%2BEVQ%2BVl6rKYP2KuOFy4hHx9iS0NUQ5OpzQDPxqyYYrYX%2BcFwlYN5udIZ%2FTQRdiMnSj4xPLY%2FkUOQUHLRf7AZd1%2FsH6Tnt7mRO7GiSUxex0ABoXked5gFvVCxvvDMHgCzP0mpLAIzzp8p6QbSAcN15h4dOjMTgIB%2BqYfITzdBBJjkIW5RBDB%2FMoOGwRtIB%2BJRCCB4cTwmZClhCAOsoKZg8lM6QPWmzTCzqxnugYdghDeb0V%2FymsOfvqmciJHj41dX%2B2i6E%3D%7Ctkp%3ABk9SR4DP3IO7Yg;Computadora portÃ¡til Dell Latitude E7270, 12,5" IntelÂ® Core i5, 8 GB RAM, 256 GB SSD, Windows 10Opens in a new window or tab;Restaurados Â· Dell;USD143.67;blackmoreit (103.005) 100%;o Mejor oferta
https://www.ebay.com/itm/304896703993?epid=28040045367&hash=item46fd427df9:g:PpAAAOSwWOlkPVxa&amdata=enc%3AAQAIAAAA8N1feLEHm9eo2BleX24Rkht%2BSQh70FLE6QpdmUldm7YK0PrYsRMO%2FICMKf0k77WgD7LR9yCdeRO7aqtTToY0EiIv0mFNcxQNeeKtEo2JOMTxcBf7SMCvgRXVzAQem8g1W%2FW1cQbUkBz6KxpToaP9tiFYMCGHndXEExnqD%2FzD2cVBbTHUn8WYr9zu6QFWjOjhzytNSyVcoEE46kygDTK%2B2d1pkL%2FQ5P9vOYUeoimL1F%2BP2kE%2FefU1SUIBOfGV5cBEma7nLLlce4WgQq%2FA5HmbeHLuS9myCdbQE3qs7WkzBOeJLnRZzf%2Ff6Armc4VSSebaWg%3D%3D%7Ctkp%3ABk9SR4DP3IO7Yg;Computadora portÃ¡til Lenovo ThinkPad X260, 12,5" Intel Core i5, 8 GB RAM, 256 GB SSD, Windows 10Opens in a new window or tab;Restaurados Â· Lenovo;USD149.41;blackmoreit (103.005) 100%;o Mejor oferta
https://www.ebay.com/itm/325754968554?hash=item4bd88259ea:g:JzoAAOSwGf5kyk2e&amdata=enc%3AAQAIAAAA0KQ9vIeOBapd7b1pQCIsk8eFl165J4mFBIbQlTj1cFGxyD%2FwyPbi5p5eL8TjJYt6zZtBD%2FZ4ZXpiRWc8EpVujPxw76B%2FvYA9NJM8L7MJlLEib735INfPsK%2BjP9R4ENT%2FBmR%2B3Z7j%2BJxMbmLb3Mz6B1powL8tPMvWL6C5781SL8JG7l%2FKlTNyH9bSmxd12DhpjlHhvEBjptMZ6jeNeb6rWwf57J4zzv%2FkORP4HW1%2BjhWkWgqnbWUmTeujaJuHBe7DDkTwJtu8crG6MlDJ2WC6UT8%3D%7Ctkp%3ABk9SR4LP3IO7Yg;Lenovo Yoga 370 i5 13"" 2 en 1 Windows 11 Pro 16 GB 240 GB pantalla tÃ¡ctil convertibleOpens in a new window or tab;De segunda mano Â· Lenovo;USD536.66;simpletek-l*elettronica-lowcost (12.573) 100%;+USD19.78 por el envÃ­o
https://www.ebay.com/itm/235110548996?hash=item36bdae4604:g:60AAAOSwqi9kuPcR&amdata=enc%3AAQAIAAAA8PnS6VfjpiLBQgzOTdonq2Wjz5RN6F5JbgzNw9uZEfNsVRyJeOU2IRv5S%2BAku6rere%2F6Hgu4MhHr%2FGq%2BIr74ykDejZGejB%2FoVwO5rsgr%2BYo6zQoEyOVOBzzwqHOftptEfo6bEO1gl4MYig2qyV4yl3%2BMeyAFkcshXJ6loMP6bHRmZCtzPahJkmAzGSea7lxNHU8y%2BfmZjkfaxI4fm7ZVPW3ffhEcmQYBvD%2FgDIPeDchHLsmu2hNc%2Bjtb%2By1VesKp3mOFERNIOZ16WFRmqYFEATNpax8CKWbht%2F2yrK5Lxsgzv%2BEyndBjTSyZrYaTZurPhQ%3D%3D%7Ctkp%3ABk9SR4LP3IO7Yg;Microsoft Surface Laptop 3, 13" Intel Core i5, 8 GB RAM, 128 GB SSD, Windows 10Opens in a new window or tab;Restaurados Â· Microsoft;USD383.13;blackmoreit (103.005) 100%;+USD83.01 por el envÃ­o
https://www.ebay.com/itm/223961737944?hash=item342528ead8:g:kesAAOSwqjJef~sq&amdata=enc%3AAQAIAAAA0BfUwQY1J7J%2BWFfQmBjaZ%2Bc%2FvCklt7AYEMD4dfZZow8nBnb1mPPZA8%2FgUUketE2YvaJSF19S89luzA27BJGKBSZIgmMaKKl9StxCxCXeRylRgVL8YIjAKPgpuaFnwlz9QNytiGt8LrZZE%2BDs3zrDO%2F1i8Ud0bOLx69YmmV1%2FC1wN9WgIhuFyt4pt2hnLsHW1V8aOEtTsYHK5pqqwjIUd%2ByXSXp96MaMGHWwpPPSGOFoe%2FAGld9wNYKOtq9eR6BIoR%2B5pHwS93I66TSO8vwriShM%3D%7Ctkp%3ABk9SR4LP3IO7Yg;Dell Latitude 5470 14 pulgadas (Intel 6ta generaciÃ³n i5-6200U, 16 GB DDR4, 512 GB SSD, cÃ¡mara webOpens in a new window or tab;Restaurados;USD298.26;dharimall (5.279) 98,3%;Â¡CÃ³mpralo ahora!
https://www.ebay.com/itm/266291743633?hash=item3e00398b91:g:NS4AAOSwBgRkgwTZ&amdata=enc%3AAQAIAAAA8NWkJXGzxWzFQp0%2FN5wkefse3kpsqBIGqao%2F9WZiOIDcA1pmx6fzKigCAnD8yXYh3HiUEr%2F8EAhb06vvTm4rNmnl5Okz0Vn%2BoG3%2FXSFgYB4n4UPi9c9KIPSPqri3M6r85d8T%2FR%2BJNYQQBCvHujCJOQ7udXykvg%2FTQWgXqsi5r5uXh1p7t1VEkqvUz0zN5LRvxJUxIYuptffeGx6Q6IXcwT1BmoVFdlmYnMMSxycT8tHOTZT1AGyqZRheg69JYvgITrFAzBmNTeWsawxIPJHb5CGvHwVJo3LvFNUmiq6r1f7WdfeNgX92btbx7tps3wxk7Q%3D%3D%7Ctkp%3ABFBMgs_cg7ti;Notebook Portatile Olivetti Olibook P55 intel  i5 4310M 2.70 GHZ RAM 8GB SSDOpens in a new window or tab;Restaurados;USD236.58;lionshop1967 (2.112) 100%;+USD38.51 por el envÃ­o
https://www.ebay.com/itm/185861214016?hash=item2b46310f40:g:BJkAAOSwav1kPyME&amdata=enc%3AAQAIAAAA4F1LmzmeSflOUwFXuFuM5Dyvfo%2FBtLWK%2BcBlnaxO0%2FCKU8NJvn8jEvyxnQKUv4uznqZu3de86ms74hIR20by5VR3ricBuWyE8iGG7jhhu%2Fswkz4v463mB8zjo8NnvGi9Sl0XyEW4TaOTt2yVw%2BlANV4OjNNnDuGz2q8ktd8jjkxGQMpdjnqCAa7qTAGm%2FvW9IIJRRuDVZWGlCqV%2BA9v7tsusshhE%2BPOP1YfjIlB83yOOLqDDWoZVdCIne%2Bag4O6owzjo91Rqz3dOSUj852YvbDr2hLprGgLm2I%2F2rn%2FX3Qch%7Ctkp%3ABFBMgs_cg7ti;Lenovo ThinkPad T540p 15,6" Core i7 4600M 2,9 GHz 16 GB RAM 512 GB SSD Win 10 ProOpens in a new window or tab;Restaurados Â· Lenovo;USD255.00;+USD79.10 por el envÃ­o;de United States
https://www.ebay.com/itm/325754968304?hash=item4bd88258f0:g:SX8AAOSw3qxkyjLx&amdata=enc%3AAQAIAAAA8ADw5NyD73DWJOwuQsWKjdKqqG%2Bd7Uc9%2FGuhXyagzxpRUsvuBJnc6v4oScY7w9TiEn%2BHGYsEbXabQxXYJIdWLlY%2B3PNL%2BfbaJDAwqTPnnxTvsStJd%2BGLumVt8nl2Y8VeHPB%2FyZo%2BVjSKb9etaG8SPT7L%2FWlwAqV1%2F9u4Dg6cKv4RgKcwd1o8D7fXrKXuZYnfBo1L53GnHaxv%2ByERLexL46hsuY4YVJoRlCy9yG32uGCG204iRddQ0o9%2Fcvpvf4rWlQxo4kiB3mXNn5CloEsN3keGxkvKA8u8TsTuPRpr%2BXpVssIueroesAJsQHctoE6vjQ%3D%3D%7Ctkp%3ABk9SR4LP3IO7Yg;PortÃ¡til Toshiba Tecra X40-D i5 7Â° 14"" Windows 11 16GB 480GB pantalla tÃ¡ctilOpens in a new window or tab;De segunda mano Â· Toshiba;USD846.76;simpletek-l*elettronica-lowcost (12.573) 100%;EnvÃ­o internacional gratis
https://www.ebay.com/itm/204416127964?hash=item2f982693dc:g:LD8AAOSwe49kymur&amdata=enc%3AAQAIAAAA0Pup6Ir6qLeCOIsRnYyT91VYq0gPE86nF1Ys1P1tqJWEzJGu8YAVmaE%2BIcpxxSZqx%2FQ1Qvvm%2BTxl6kqY2UlrcsRGhpf%2Fkk%2FaKggopmp%2BbYKNo%2FsMY0tGqgFdi20hTeDoOKuteQsGXFuW9xQt1BXzAx0A6zwPYh6hosnW2Si6KOfEgVAVA30NCLhZeuY6W%2BlHMBYMs154VWeyiS80sQ9Og%2BVelfdV1dG2KPV55UpDbmnJbKCJ%2FRPAj8AWzcCy9T0zcF56OO3hTy1FGFo7U7bwVtU%3D%7Ctkp%3ABk9SR4LP3IO7Yg;Computadora portÃ¡til Dell Latitude 5500 15,6" i5-8365U 1,60 GHz 16 GB DDR4 RAM 256 GB SSD Win11Opens in a new window or tab;Restaurados Â· Dell;USD385.01;+USD93.42 por el envÃ­o;de Alemania
https://www.ebay.com/itm/185984198468?hash=item2b4d85a744:g:jGcAAOSwgmBkrzKN&amdata=enc%3AAQAIAAAAwOfKYsuX6v%2BoFcIU0eTw479A4U0I7yYB2ZkjMZSYwprfW1RGGXTf3Q3tXaigfzMO0H5hbQsgaoFavnDqNa4x%2Fpi9im7nUgT1rGhLfrLU8N%2FYeZIgqiXXN3oAd4T0ay%2FW4pclSp%2F4Z%2F7D4WwnumZwkgrPCu0UiNuhYYx%2BYo%2FnRU8%2FayVcOk99bfgb0C7ZEDuEAJ4yPdrsxHSvVggGhOQhYyiR%2FH4lizO5KL9ZbyuISRVjm6ifLlvi1I25%2BrjNMlzTtw%3D%3D%7Ctkp%3ABk9SR4LP3IO7Yg;HP ProBook 650 G2 15,6" Core i7 6600U 2,6 GHz 16 GB RAM 512 GB SSD Win 10 ProOpens in a new window or tab;Restaurados Â· HP;USD279.00;+USD79.10 por el envÃ­o;de United States
https://www.ebay.com/itm/325752925478?hash=item4bd8632d26:g:tPsAAOSwEylkx5Ss&amdata=enc%3AAQAIAAAA0Kb6xj%2BynodBPR8VyalbJISxG6rbVQfSYUxr90HRxmMQEopsujeSernwfzgyDxOIfSYVf0v%2F6By5LXivdRerfsKFuus5kLUf4CMovtnUJIzNWeNi53Xq9KEV4pAgPU5p293%2BoA5ChlmLl28KCS5%2Fv5mPYtAdlLZHtiRMx0ASrP9Sy0kqVrsbQOcESjQG%2F2pv93KoS6y9V3dALpGrhLqq5DCdPAE0uQM9RJwGut%2FS4aPVOXIIN7323rJCBJUkgi2YIcS9esPhx1ju8ujfB6aEfHY%3D%7Ctkp%3ABk9SR4LP3IO7Yg;Computadora portÃ¡til portÃ¡til portÃ¡til Fujitsu E744 14"" Core i5 Windows 10 8 GB 240 GBOpens in a new window or tab;De segunda mano Â· Fujitsu Siemens;USD405.94;simpletek-l*elettronica-lowcost (12.573) 100%;+USD19.72 por el envÃ­o
https://www.ebay.com/itm/364375379252?epid=1982362369&hash=item54d6770d34:g:g08AAOSwwrRksUYe&amdata=enc%3AAQAIAAAA0ELbinaDkWo%2BxmOOnyA4u1AfZp47Mqk6EObQ548d6XYG3rWck4wN%2FSG9nTiaFECI6okQYOSSbN5MdWnxzpd9PtHRYB1J4EJNJ%2BMGJ13SFvWe%2BLs7yRlLKWuUlxIBH4thb7OOzAF%2FhehMNLk56TsQ%2BAVqmgvzOcKGt3XrxgGT%2FNQPSEupKa7ISlbq7%2BTxSLf0YpVI9tdRhCpzuomYlb59ufPtErjc958Be6wVIf8h73z59YLuyMkI%2BeEWkgRt5yLU5ovOLx%2BIUp1s3E8GQ4gxaBc%3D%7Ctkp%3ABk9SR4LP3IO7Yg;Computadora portÃ¡til Dell Latitude E7470, 14" IntelÂ® Coreâ¢ i5, 8 GB RAM, 256 GB SSD, Windows 10Opens in a new window or tab;Restaurados Â· Dell;USD217.10;blackmoreit (103.005) 100%;+USD83.01 por el envÃ­o
https://www.ebay.com/itm/115881205544?hash=item1afb0edf28:g:EpYAAOSw9N1VqbHh&amdata=enc%3AAQAIAAAA4Hr1iQ8PwGa5%2B8HL%2Bn65WEoQhu3ULdoVtKnsHSd2MiN1ZjLn4nsRxupbgt7PppLGHKevuQYzC%2BaimLjMGHvdv6K2qFaCm7CoUTMGirhFrHPCpRUq%2Fx%2F1MNMTexOa%2FAwWV6A5clQLauOIx%2BfXjprPiIrF4CBhTxVqTXUlIfbxFk6j4IghxCqAFePSJCYHTGu1RDvFVZxhATLqBpLanWVTeqwD27DGrBHfP%2F5RL5ERpUZVbpV3sqqmOwM5pvsjYXa7MngiNLPYlmW87ZZo9WzA92%2Bicfn%2FcoHsgY3OTJMi4KG8%7Ctkp%3ABk9SR4LP3IO7Yg;Laptop Dell Precision 7780 i7-13850HX 256 GB+1 TB 32 GB FHD CMRA BT A1000 BKLT WTYOpens in a new window or tab;Restaurados Â· Dell;USD2Â 249.99;+USD351.16 por el envÃ­o;de United States
https://www.ebay.com/itm/304988822630?epid=13028528035&hash=item4702c01c66:g:JQoAAOSw79ZkkBYN&amdata=enc%3AAQAIAAAA0KDIz5bOmJmqUrtehZ4e1ni2YB%2BIKQFqwG9XbE1zgzMP%2B5Dn1PJessvfSn7MmSQt4oP4EdgeOlEziKPClvL8k5bypY2F1QsAAzZiLGoe%2B5ssLIW%2BZePe%2BfBbSsW%2B0G2H6ocGIva0YuUkBA0XXurGPAGKZF9WScnIgecuHUpHX3sV1QXZtAC5DtKd1BeBx%2BQMztn7oTR53SuNHXmP7mk8e%2BlOkC92bUTFS31tcn7wLWkOmGcDenR7yuMOqhOl7KSqFKyu2shhBag5oh%2FmwhGBY%2Fw%3D%7Ctkp%3ABk9SR4LP3IO7Yg;Computadora portÃ¡til Lenovo ThinkPad L470, 14" IntelÂ® Coreâ¢ i5, 8 GB RAM, 256 GB SSD, Windows 10Opens in a new window or tab;Restaurados Â· Lenovo;USD160.91;blackmoreit (103.005) 100%;o Mejor oferta
https://www.ebay.com/itm/225714605993?epid=25061854210&hash=item348da38fa9:g:jcAAAOSwgDlktwgx&amdata=enc%3AAQAIAAAA4PaijGjr4ys9al7mx9Vx1FTUchmUXKEh484Sso0qKf4bHlSOMKNSgDNhcaY34%2BBoXcmKjp%2By2NKD23gEy2QdpAZjsEYNdmWMwZefmJ0UMYO%2FK%2BYghaRLGhbJ%2FmjCoRlAlx0dDCtbsYFFgkfaeDdAM2zwiXaF%2FFpGxivza28Vx7%2BNLV5UMn1J1GJ3mDE%2BvmQzTJAJVPCxnGZUylJDP8a2vqU8N5m7y4FMeZNHLxDbms5qc90DJPfGRfYb7SPcMHKg5CSaqr%2B%2B%2FT8RYghV4guScj8IP63moCkWTrqQU5ugwisn%7Ctkp%3ABk9SR4LP3IO7Yg;Lenovo Yoga 330-11IGM 2GB 32GB Teclado ESPOpens in a new window or tab;Restaurados;USD99.03;USD220.07;Â¡CÃ³mpralo ahora!
https://www.ebay.com/itm/225704824167?hash=item348d0e4d67:g:dqUAAOSwVexkyk2u&amdata=enc%3AAQAIAAAA8GGFI3e%2BxOi%2B%2F2pdLUmpxd4LOg%2FPLYyPpHuulqJqF%2BEBpb%2FisGgNkLqrSQWUAvkQT25kop3dPPk4dSv3IPWNKrYKfd6w2m7ICwheVxLA9sLaVbkt6n%2FmPZMhc3oCCgY848tykF21Mn9WioaZMKBFgQhTrd1e22JvejRqKE0e2X9dhfGm%2BybGoAjSKDP9zbTNg1YeRJDGJoZv8GAYxcZmYQxbMok8ezwfdOeYe30JPJ3hmQ5MZF1Y8%2FVlAKwYt1aM1HGIs6mF77j2B8kCSb1qs2FqN4jA%2BPhSZMI%2B5TlgiBu797OKVcQQRLyWst8PajKbVg%3D%3D%7Ctkp%3ABk9SR4LP3IO7Yg;Lenovo Yoga 370 i5 13"" 2 en 1 Windows 10 Pro 32 GB 2 TB pantalla tÃ¡ctil convertibleOpens in a new window or tab;De segunda mano Â· Lenovo;USD872.42;simpletek-l*elettronica-lowcost (12.573) 100%;+USD19.78 por el envÃ­o
https://www.ebay.com/itm/324459994225?hash=item4b8b529c71:g:Yx0AAOSwu1NgCai2&amdata=enc%3AAQAIAAAA8Nn8%2F7a%2F7WyBSzeT3iwR4lIPJtVky8mdNvLCz0Fm7daEK9trqv9i3amc4yVTsAZzbFJ3WWtNK17QIqgZyaWLnPr0GDla684QBna9T2%2F%2BYYLnqsOuYA%2FlN6mjMRAGFyUoD1PN1Oju8m6xNJPvHGbr8d7%2B8YGu494a1IGwXr7fKae5KZsEHy6Qtajuz%2BiHq7Bcr8hPBNeqBeA4fhjfBtKC9tusRlC9S2zD0RuvNvXVRCZeoCdiAdLXXZB5DcLLHCb7Co3HGDoGhXIEr0RC1BtbAWJi6dofAhmfJ6mxWQ01sEWtq6XVD9Q6OOajETZVbps%2BcQ%3D%3D%7Ctkp%3ABk9SR4LP3IO7Yg;Dell Latitude 5285 2 en 1 (12,3" FHD Touch, Intel i5-7300U, 256 GB SSD, 8 GB PC4)Opens in a new window or tab;Restaurados;USD275.84;dharimall (5.279) 98,3%;Â¡CÃ³mpralo ahora!
https://www.ebay.com/itm/224839382012?epid=6027314827&hash=item345978b3fc:g:tr0AAOSwb1piCzjj&amdata=enc%3AAQAIAAAA0Hv9Dm%2FuZIhl3vN76siCBq6kkbLB2Vy6%2BJt4PYVLBWEloGkTYtRfZ2GycxRuM0Azmwe8cjF5CYSuV6FSImCEzuddlFeRSWlQZCzK%2Bxo4akoZkKY6xSr2nDxcwvnSykULdLljovA4UIrE5vlIu8CKQKET1u3llDPsvlvOuVY0aBeS5xrMZEtUqmgEAZZ%2BeMboTBmm1RvgxkLBgebhq9vgu5clGExXT37TSuuuM1dagOkJngYZLRhs8oVTSLBCGqW5KOPg7BQx12uX5hXgpgBk8bU%3D%7Ctkp%3ABk9SR4TP3IO7Yg;Dell Latitude 2-en-1 5290 Business, Intel Core i7, 16 GB DDR4, 512 GB NVMe SSD)Opens in a new window or tab;Restaurados;USD522.52;dharimall (5.279) 98,3%;Â¡CÃ³mpralo ahora!
https://www.ebay.com/itm/364380245033?hash=item54d6c14c29:g:DQgAAOSwyVNkw7nn&amdata=enc%3AAQAIAAAA0M2XLhqNbgCYGDsS5oI0HcrVVkS4sjFfh4Lusk6Y6XsnrBuEwXl%2FQPZvIyEtfn5wr23AME89M04se8Ztqk6swRVpLeRwo7mGjmCrDzR5xmtcMyCAeC%2Bj77yQBvMcIh%2FiERUMxjwOZ0Wr4guwUfDTgcF%2BdWZR5uxtSQUhCKDJum9QCDdXYrjaDsVh9w0N7ZDCVEBmRcPCmYwgwUS5xqv8wWqJQc3PNlI1TOmqvBJweOqwBCXQaW%2FVdBbklldw1knU2AELUA4aQQobfi%2FTrTgCea4%3D%7Ctkp%3ABk9SR4TP3IO7Yg;Computadora portÃ¡til Dell Latitude E7250, 12,5" Intel Core i7, 8 GB RAM, 256 GB SSD, Windows 10Opens in a new window or tab;Restaurados Â· Dell;USD185.17;blackmoreit (103.005) 100%;+USD83.01 por el envÃ­o
https://www.ebay.com/itm/305061239675?hash=item4707111b7b:g:i20AAOSwJKxk0Q72&amdata=enc%3AAQAIAAAA8M2VafGK3jzPbMGNNhKgRadh8YaMLtWeP60%2FVyCiMYqkQUrZ%2BbSg1zEq8XDpPjLHC8ftlfMBtXLzjjsiYMFRrnDeQTXotOY4FCP380sP4g%2BGOdIxKV%2BVHBbMBNTf8SSRY4rch5glA7V6VWHj%2F1DHM9Oa%2FfvBeIUyMeXYBYx3zJFJzKrVVqLYmA82pOBEXYSXMYzPu0qBzFapmaHkh%2BaiPrnHXC13YkKFxQ8KSJIV0jFQSqyxVYJXosBt%2F2zuUDd%2FEPP4HBIZYSEfgJAD%2FHV%2BLTbOlBUsl3cw%2Fwzls1oKwQyfZsbErCFyd2TS9RjAP6EY9g%3D%3D%7Ctkp%3ABk9SR4TP3IO7Yg;Computadora portÃ¡til HP EliteBook Folio 1040 G3, 14" Core i5, 8 GB RAM, 512 GB SSD, Windows 10Opens in a new window or tab;Restaurados Â· HP;USD242.65;blackmoreit (103.005) 100%;+USD83.01 por el envÃ­o
https://www.ebay.com/itm/304993519147?hash=item470307c62b:g:zBMAAOSwqjBklEfA&amdata=enc%3AAQAIAAAA8FlQSM5o556RgO6mYFFBwLFmVA1%2F5trioh1sOV%2FOOGgOaVsHTmqkclV%2FwYPeHQ4nTLFCdmFUPpxFqFNpxpNqjay1K8u5CVmaF38%2BgBbBWxpGVqxm5U6XMY7fQ%2FDWbthcNJttfw0mxB9gdf6cX3NA6Q00ENfVQHl5dir%2FqC3S2AdnwuMfydz3aI6l7trbmjmuMhStnJcUCDY5SnH5N5%2FJq2p3%2FJW2GQYuMvvsbIRmQ7e%2BsFAgXJnjjy0zp%2FkCmJ5OWqkV7FOU7R4Ca8RTfbn%2FEUND0lRc7OkQ1Y9FS%2FiEP48zf%2Bx4yJihfrv8UKOpv5KnHA%3D%3D%7Ctkp%3ABk9SR4TP3IO7Yg;Laptop Dell Latitude 5411, 14" IntelÂ® Coreâ¢ i5, 8 GB RAM, 256 GB SSD, Windows 10Opens in a new window or tab;Restaurados Â· Dell;USD344.82;blackmoreit (103.005) 100%;o Mejor oferta
https://www.ebay.com/itm/235115765676?hash=item36bdfddfac:g:xT8AAOSwD31kzMSt&amdata=enc%3AAQAIAAAA8CBWRdH6EVPbYmIXpZa0kgfE3nyezy6xHY9aWd6P%2B5rf6rj%2Fg2k31gKYE4HUTszha7Gc%2F9E5K66kdr%2FUbatPvi6a%2Foet0Za3IbX4CEW5THWUMBT3WuA6hPU%2BatIqt3qNnetWV3EtHdTcTkWhKlqEZHG3Gbq0L7L062ugXW2%2BypQX7Np1%2BIvr0zxo7dbQtxk%2FW5tfYgOr%2BsjBR%2FHDlMfhiTR%2Bj0nOkQ7QHwpUO1mcuoTsQQVLs9PMiANyts4Hxmp7X1mbJ5DoJzcZGjfMZ5dlz4Ttmi88%2FC2Xs%2BPndO%2Fg8oEk4L3utVjWIOD5RZojYKg4FA%3D%3D%7Ctkp%3ABk9SR4TP3IO7Yg;Computadora portÃ¡til Dell Latitude 7280, 12,5" IntelÂ® Coreâ¢ i5, 8 GB RAM, 256 GB SSD, Windows 10Opens in a new window or tab;Restaurados Â· Dell;USD210.72;blackmoreit (103.005) 100%;+USD83.01 por el envÃ­o
https://www.ebay.com/itm/186025001497?hash=item2b4ff44219:g:I9IAAOSwKOZk0Xs4&amdata=enc%3AAQAIAAAA4MKQaYqS4fVKSctBkSxOw2EnqQkKxXIN0A7LGw2ewXsvwEf7Qbv33yfT98adVeS1nhV4eyBQKIrHeTw1Me72heujVWqX26YQwXB9lPHtF6p%2BLINWN420Atz1QipMXlXknH3UhINNdsbUVa2bEeAAFHffD57FJtOM63ygWA27dN%2BKZWOTB1J%2Fi6yqzQSGfOPb2k0%2FBLbPN8OWmpKluqzI8ByKsVf%2F1FwztUcW5klWkiELfcW5eLT0sylJxMK2zLkYXyYzyWq8QL04IleH3V%2B%2FeOX4u1I%2FWwNkHTfAevdFdQsq%7Ctkp%3ABk9SR4TP3IO7Yg;HP EliteBook x360 1030 G2 Core i7 7600u 2,8 GHz 16 GB 512 GB SSD Win 11 Pro TouchOpens in a new window or tab;Restaurados Â· HP;USD335.00;+USD462.25 por el envÃ­o;de United States
https://www.ebay.com/itm/305053497585?epid=825375555&hash=item47069af8f1:g:9sAAAOSwZvxkykFS&amdata=enc%3AAQAIAAAA0BYd8R6YOGmC6VBAdbbxM2oqxKQ%2BrprFvX9AGoWSK82dCz0YfYkk18O3Tse6gpnj21VOfrQq9MrZagIu6phtOJ%2FJvD%2BdMGA%2F47hOFnSB8wXLIvYAsNRZHrhJmLGtxx3A3jcjUJqudEsCyoACF8scuIbb8KkPJ9JkskhE3Mep%2BpJyC7uqSQk93QMiuy80pa6Ycqq4KWioeFuvKtuYhUyY%2Bn3cbOSfSiUKUhSGEcYBmOmFv6H4fDIXVp%2F2yyOMvfBC%2FzB49fqh0UOBiLxPHrWqfkY%3D%7Ctkp%3ABk9SR4TP3IO7Yg;Computadora portÃ¡til HP EliteBook 840 G4, 14" Intel Core i7, 8 GB RAM, 256 GB SSD, Windows 10Opens in a new window or tab;Restaurados Â· HP;USD306.50;blackmoreit (103.005) 100%;+USD83.01 por el envÃ­o
https://www.ebay.com/itm/325624891958?epid=27040118878&hash=item4bd0c18a36:g:gp8AAOSwex1kQN1j&amdata=enc%3AAQAIAAAA0BHYS%2FTsvTsuhGOu6ECht49u05tbVJb6tekb6Fg1zNKIptJkBSri4%2Fkrr5bncW%2BsSxQZ2SPwLN%2BsGeE1KXmdXRDHxN6aDLwizJL3Z8ygL8xW7lD0IrtaaQBd%2FDdRG1ENi9Q3LVgcpD7CLBbQV40NC4SVvx6WuZtLS1DPEtHL33sWpQxeeVybWbS5E5mUDCQ67pDuKrl0XBOmyPZhJCRilLcfYiqF%2F%2FoOTFScfv7DlPCq4m%2FXJOePMVBE55kCtzPC7YaeUGePcOlSpxT77mhSD1k%3D%7Ctkp%3ABk9SR4TP3IO7Yg;Dell Latitude 7400 14" 2 en 1 tÃ¡ctil (Intel i7 8665U, 16 GB RAM, 256 GB NVMe, SSD)Opens in a new window or tab;Restaurados;USD440.29;dharimall (5.279) 98,3%;Â¡CÃ³mpralo ahora!
https://www.ebay.com/itm/145176695763?hash=item21cd3493d3:g:Vt4AAOSwNFxkqClO&amdata=enc%3AAQAIAAAA8OdlFdhCALu14pBVfXTRe%2F5B%2BrbAK6knn7q0K1Xi79tPYGy2Z3R0q9MtDZhcDT5Hvg0d7LbMFpbSCRhs0xXvgQi%2B86tvY%2BoPaz0ln%2F4Q8HLQbQgkKjDwaLhe8D8WTLnE4GPVPURdPRfswRBQ3ggBry3tOKRo23LVEtnW%2BRm9vT2thnJxFzV5%2FnwyugyBLCgK8OjV1X69IOL3OlBoDWxDo6dO71FEFQU3Q6TyS8WW%2BtJGouGrGsEjxcFkVYTdfQjUruS8sGmEJSA%2BaV3xjG4GgP7aC8HMmmLKS7cmR48%2FUHlGuxiXfQwsodOt0P89UoJBUg%3D%3D%7Ctkp%3ABk9SR4TP3IO7Yg;Computadora portÃ¡til Dell Inspiron 3520 i5-1235U, 8 GB RAM, 512 GB SSD, 15,6" 120Hz FHD PLATEADA *B*Opens in a new window or tab;Restaurados Â· Dell;USD509.58;svx-online (147.968) 99,6%;+USD89.39 por el envÃ­o
https://www.ebay.com/itm/235119424676?hash=item36be35b4a4:g:dt4AAOSwaHRk0Q5C&amdata=enc%3AAQAIAAAA0JkpmI%2B1wLwkkKfYOUPgjNBEFfOEBiMTKFnPDS%2F96yUtnOE9900kiAkByoKXuz5tFUv0RYO%2BfzNbGi1ZZV1iV9st4cqNCFDmU6MifEHajo0rjSoIAtn1NYbIvCEJGJ%2BWsmw1BFuzzTWaeyxFwC%2F646RyP%2FDidlxe4rAsXuOq1iz3LQchCGBsZeu7Elluhca0g39am%2B%2BAWCenc0d1ZR9XqO0liM2T5643wmz%2BfEM8JiH7Es6UVDhmEbAH%2FgLc%2Fm4KtonB9DqaXo2VIX5YZYH2JYA%3D%7Ctkp%3ABk9SR4bP3IO7Yg;Microsoft Surface Laptop Go, 12" Core i5, 4 GB RAM, 256 GB SSD, 1943, Windows 10Opens in a new window or tab;Restaurados;USD319.27;blackmoreit (103.005) 100%;+USD83.01 por el envÃ­o
https://www.ebay.com/itm/185764933554?hash=item2b4073efb2:g:iXMAAOSwEClj4D0g&amdata=enc%3AAQAIAAAA4GhEqPqm8j9uLCNjPGs%2FKcLTLwwm6G6lzMsxX9Y1EN5o4%2BwS6WzzlIrFqOyxjigABkmegKIjk9ey6Q4vu%2F7Asqi59NMrOi5wVrrrUGBjCdVwIxJ1HhgoZZDBkm5hyd1l8XqaBHmjR8LpRArD8FaXZm8mVTHFs3wOHAQGc%2B14OLCydBuWygp9GCIdi7TJeYKmJdOEMw0CzIOGcPSSJgCgXiJSFl0%2BvQ2s8oz7rYFLah5f%2FbvymG%2BqVsjbGpinGKBclFxGh2apAwltudtXPROtCACoO2xbEPxuD%2BruvAgoMkTn%7Ctkp%3ABk9SR4bP3IO7Yg;HP EliteBook 8460p 14" Core i5 2520M 2,5 GHz 8 GB RAM 256 GB SSD Win 10 ProOpens in a new window or tab;Restaurados Â· HP;USD145.00;+USD79.10 por el envÃ­o;de United States
https://www.ebay.com/itm/235041266652?hash=item36b98d1bdc:g:GxAAAOSwPz5kgIot&amdata=enc%3AAQAIAAAA0ONAVuJL9H0ZMl6BmpCtT4Ibwu6B%2FsxEvRvKs08OfhK86aVT%2BpgweFSswv7%2BvvACqJzOATVDPlyA3d5GJHQVeEIIiMX%2FblQb5imA67ljxf%2FFmNtwg3Z3AzM9U2OxFfbhiPKX0H%2BV3qGBaiSdrJRYKF1NDFG%2Bu3UwJ0z8zOGij2h8jWAlpuV%2Bb1ksL5wjITaAfXTXWe3A2a%2BaTuK%2FZ5gh2eKWA1U424ON9C4Q6c43QhXSexuenDoO%2Fh0LWsLeDtX%2BJ5Cmg0U21w8uo%2F0WJZwVICY%3D%7Ctkp%3ABk9SR4bP3IO7Yg;Computadora portÃ¡til Fujitsu Lifebook P728, 12,5" Core i3, 8 GB RAM, 256 GB SSD, Windows 10Opens in a new window or tab;Restaurados Â· Fujitsu;USD160.91;blackmoreit (103.005) 100%;o Mejor oferta
https://www.ebay.com/itm/305004615001?hash=item4703b11559:g:QfwAAOSwrP1kntPt&amdata=enc%3AAQAIAAAA8OjOWULKagqNiwrUNwjMDcd%2Fmagds%2FnHyWu2%2FPa6VSe9zOJW1pojnDDh1SResnXU%2F4DLqcSnJSSImCPPf%2BOi8VYdedUKthSt1ow8j82rrPrBinaO8ax%2F3MwANgImbtbpTTxmDbJ6C%2BFWltEx%2B9Y4cxZ%2Bel%2FK5sBYf7FBj%2FDlPF%2FJyJ%2B7T2yp%2FjVvjqONQk5fdU%2FQ3JaDMEuks5wUrIvdAOUVHm70cpS%2FoZY7NP9OVweoa1a8JSIzUlMSUkYRE8DsRAugM8Shobk%2BR0nkmHh6dxi5lOeVeTFZORSl9Eq1Kbty%2BfSza83ieHnEuMkbaLX7gQ%3D%3D%7Ctkp%3ABk9SR4bP3IO7Yg;Computadora portÃ¡til Dell Latitude E7250, 12,5" IntelÂ® Core i7, 8 GB RAM, 128 GB SSD, Windows 10Opens in a new window or tab;Restaurados Â· Dell;USD172.40;blackmoreit (103.005) 100%;o Mejor oferta
https://www.ebay.com/itm/304790590825?hash=item46f6ef5569:g:ksYAAOSwYadj25oa&amdata=enc%3AAQAIAAAA0KDhluYtUpJRnJM5l5h2Yb4aUrf6wTUlufMiePBHc2p%2FL2ti%2Btb78o%2FPojQ8giXTXb4RdiDOCuWwJg6OuDzJJyb0RCIMI06Hqx5KoCsxjO%2B63urh46T0gyyQSIOHxkUqVnbHP2Mk48X6cKoB7bNmfY1fGnnojuUwoKjMlAmlSXzLLEcnJDGYvN4qXmwEPy3IVMmQKxajeP6WFpzm%2BpzfQp3AysAumOKGfB9akB7D5%2FfpSfPPisMJjI8r7GHcEWWNib5CHl6oEM44a1O30EEMEJs%3D%7Ctkp%3ABk9SR4bP3IO7Yg;Computadora portÃ¡til Lenovo ThinkPad X260, 12,5" Intel Core i7, 8 GB RAM, 256 GB SSD, Windows 10Opens in a new window or tab;Restaurados Â· Lenovo;USD195.39;blackmoreit (103.005) 100%;o Mejor oferta
https://www.ebay.com/itm/325751861217?hash=item4bd852efe1:g:~6IAAOSw8V9kx0-b&amdata=enc%3AAQAIAAAA8L5xSwdBvKy3XWmvqbU%2FZhlEhINEgP22qJUMShofdAXXSjXJ4PapCBI5WMa1FUUFmt3RrqfLUs5e0wUIwB6EK%2FRBG6kP4aBXVKOV40JFrXsW%2FxrNEqsG8SVDYi0C1aZ5OBgm63cmUhtlH39%2FZMR4oVvRVwKYzK%2BwVAk6U8V4kYWZv3eXBTovblWN9RxCjBS8iHR2JlbMAn10Uo0Umfkkfq4JjnnORbsq16pCD%2FpDerc%2BOQ%2FRhRFPcuQyuat%2F1mS2kSUPylWPw%2BU8jJwp%2B%2FsvHx%2BjKIWm5Xm8EvmdcCDnf%2F9TIL0QrCA78%2FreaNnTgcv6DA%3D%3D%7Ctkp%3ABk9SR4bP3IO7Yg;Dell Latitude 9410 2 en 1 14" QHD+ TÃCTIL Intel Core I5-10210U, 512 GB SSD, 8 GB RAOpens in a new window or tab;Restaurados;USD540.46;dharimall (5.279) 98,3%;Â¡CÃ³mpralo ahora!
https://www.ebay.com/itm/185840363672?hash=item2b44f2e898:g:hZ4AAOSwJPVkKgRM&amdata=enc%3AAQAIAAAA4CohxW44uSxxBFYKg8pUTzJk3VFC%2B%2FA%2Ffm%2BZd8y5GrikdmuBbDnlSYkuAcC9YMugjRlSDy5WklBgWRJzPDrpEyFiT5GPZ7CkbdLpbkoT8KgQlqAgCTA%2B16x9DO2cQZrtUsa7ozzE6tzB02IYOoAetjCYy%2ByW9gJ2LjE2XxPm3mu7RRQnhlBSJS1BNE4mWP42KYPNtLGheqkuVrd%2Fli6lr6g0ceHOFD7Ja7ESNQH4YTQejyZxoSt1wJ%2B3dI%2BClHFOq4AftSonYx4niY8BVkFAtyi5chlWQXWr%2BkFldu9jdqbu%7Ctkp%3ABk9SR4bP3IO7Yg;Lenovo ThinkPad W520 15,6" Core i7 2760QM 2,4 GHz 16 GB RAM 512 GB SSD NVIDIAOpens in a new window or tab;Restaurados Â· Lenovo;USD329.00;+USD79.10 por el envÃ­o;de United States
https://www.ebay.com/itm/305040718212?hash=item4705d7f984:g:0AQAAOSwmAtkuU-j&amdata=enc%3AAQAIAAAA8A7sCveIxniCqxz7m5TsjsHjm6my0ix8JYpqcWNhhX1slPggU601pwkFPsMzpm1CNu5yQc0B6O9VoEK2OVW9J%2FKcpFe23LTXK3HM147vhgL9oATOSa2Jc4vXIVsr9Hvj7sgGMJcj23Dhu%2BwxbQ6l15yy263MosbI2OYo002QZ63v%2FYeK5ZUT71J2dy%2BQk%2BKekpRxZrmgZu9L8hFoNgECyCaPxvjS%2B%2Fj03BaaB8eafmK1MlU%2FC5Ew8UHedutO05%2FPdq0aJQHT%2Fw7Q1nEepHKMbvCnxSaBTdCf7Ksd7kql7BM9yRRnzsgyepaqCq3LG8jZOw%3D%3D%7Ctkp%3ABk9SR4bP3IO7Yg;Computadora portÃ¡til Dell Latitude 5480, 14" IntelÂ® Coreâ¢ i7, 8 GB RAM, 256 GB SSD, Windows 10Opens in a new window or tab;Restaurados Â· Dell;USD182.75;blackmoreit (103.005) 100%;o Mejor oferta
https://www.ebay.com/itm/166252010558?hash=item26b5645c3e:g:R1kAAOSwCXpkw-x1&amdata=enc%3AAQAIAAAA0CdVLOSNtpjqobSwP97k9OX12ncgjHxV92mrENW15rd8U5BB3eeE30kXkrUGBA3MC9cwvuBQYX4HjAWKHCq6A%2FPRquYaKSv3KKlbEKaJAjs0YGL4Ttp381cs5qWWQRO60%2BgxqtibVWSHsYSzzOiW6AJAei4LqY4FTA9f7V1ZaFYy3ev%2BFU7u4mYV6En7MdejB05VxEgiBQqeR6Bnjpv46svwbKG8iw43Z86t6a5Cb46tQEIzSZpcBT4Kf%2Bmkjr6Nz7lubNE3ybMBhXHh0dRGKrc%3D%7Ctkp%3ABk9SR4bP3IO7Yg;Dell Latitude 7420|i5-1145G7|Intel Iris Xe G7|16GB RAM|256GB SSD|GARANTIEOpens in a new window or tab;Restaurados;USD604.09;+USD22.01 por el envÃ­o;de Austria
https://www.ebay.com/itm/364375620661?hash=item54d67abc35:g:~44AAOSwO91kopgr&amdata=enc%3AAQAIAAAA0Nonnj5psL7LDOY%2BiHtkhMtGrPDcbkETKgW4bckdBDYaibpO0gienevSe61EOWUTXg3XJKuXa4NToREsSlsEwG5d8JQMU8yqgfFZEx9IauJ3U93Yq0Q5cpYP6%2BtC%2BX%2BWP7Wa1o8AraUEiijt%2BuAlT4KteubjyOlTAK42CTM1rCtmPWgCJxR1ehvZzkA0p4T6O55A%2B5T5Ude2T0IRnvVOpiDHKyHlSWeRf3mGy2i6kBjkM%2F5uY6%2BH12KPrH8rIIIjh8HOIU2Ylgk%2FtIdpQ%2Bl277E%3D%7Ctkp%3ABk9SR4bP3IO7Yg;Computadora portÃ¡til Dell Latitude 7280, 12,5" IntelÂ® Coreâ¢ i5, 8 GB RAM, 256 GB SSD, Windows 10Opens in a new window or tab;Restaurados Â· Dell;USD168.57;blackmoreit (103.005) 100%;+USD83.01 por el envÃ­o
https://www.ebay.com/itm/185946601576?hash=item2b4b47f868:g:3oAAAOSwu6xkjh6Y&amdata=enc%3AAQAIAAAA4IXyDqyng3oEwMd%2FzgXWQU%2FcKoawp1DAN49Iadx05xBabQaU%2BOY5gz%2Fla71qTH91AZzGuupiSPfYw7lZWbqVKkAoUCXtDLfH%2FohqJROWf43sDLnjMBEFWQEwRsD7Cnhn8NFMeMdmUBQGOfkWXv%2BhdfOz%2BPGyHnjWEsWItTJoVQpnkt4tdfPF3Rm4w9WrOT1c9dAjpiZ2hIXqQEoCM7DGlm6pMF2%2BhlbvIdzoXoA%2F7kUXwOzqS123S4Mxc7AAroMLMPQcFSnLbs3pvQWouzK7i3kvv4yttKrjj%2FElOhgTBqys%7Ctkp%3ABk9SR4jP3IO7Yg;Pantalla tÃ¡ctil Dell Latitude 5414 Core i5 6300U 16 GB RAM 1 TB SSD Win 10 ProOpens in a new window or tab;Restaurados Â· Dell;USD487.00;+USD84.30 por el envÃ­o;de United States
https://www.ebay.com/itm/126041441952?hash=item1d58a7c6a0:g:EpYAAOSw9N1VqbHh&amdata=enc%3AAQAIAAAAwEE26f%2FiuUSk2VaLc8lsA98p5hq4xdOcAg2U7ovYvuFq4eHzQkOOgMJHr%2Fv7mJkp8HMIR6ixkUIu%2BburAm5jaxA3IYLNZucC5gyqSAgTiH3xB5cuNZwAxhN8JEsDM6CNQ9VcUHPqz3GBoKl95hDjhU%2BAO9E3MnGQiSHit2RlGc6kKt1v8WbSa6YdJ0ZmRX%2Bs%2FIMOrKx%2BuhWm8jEGqV9LzgCDzKL3ovODRmObMjPP3VoD%2Fvs4jGl6EPy6eBahIqaz3A%3D%3D%7Ctkp%3ABk9SR4jP3IO7Yg;Laptop Dell Precision 7780 i7-13850HX 512 GB PCIe 32 GB FHD CMRA BT A1000 BKLT WTYOpens in a new window or tab;Restaurados Â· Dell;USD2Â 099.99;+USD351.16 por el envÃ­o;de United States
https://www.ebay.com/itm/235094360812?hash=item36bcb742ec:g:ifIAAOSw1t9ktnDe&amdata=enc%3AAQAIAAAA8DtBgwKzZRzlxXI7ES0WZ3inqcqe35HQspqD77iVpTNrWZ7zii6JDKcsxcCc4xvO0lTbKxnD4fUniXXNmoKKlg6PquNUIixEWntutrjVe9quS4%2FVoLIxrI6WeAdfTTvhWdEQa3LSmuGB7peIR%2FR6wy0%2BGso3SmZEFXp8US1TfikBFqLF2kVEwa4CC6YJF9JhNKKhzoML%2BOZRv55oxWKom34E64AcTkQtiuZy6L%2FkpwWl2yC51q8hRRLodbFvxMtL5LgsalRBxIbhuEmQxz2%2Bm15VUAtrvAICRYEODADQvvE2mxv5k%2B6Z9%2F26rY6Pv8EHAQ%3D%3D%7Ctkp%3ABk9SR4jP3IO7Yg;Computadora portÃ¡til Dell Latitude E5470, 14" IntelÂ® Coreâ¢ i3, 8 GB RAM, 256 GB SSD, Windows 10Opens in a new window or tab;Restaurados Â· Dell;USD137.92;blackmoreit (103.005) 100%;o Mejor oferta
https://www.ebay.com/itm/115731962746?hash=item1af2299b7a:g:TVgAAOSwSeFkEf5a&amdata=enc%3AAQAIAAAAwKpvCMOU%2FlsgGu0n8h5IYPx7n2o32YfUvleT8jwxYGNIUjexgwsq%2FqHR47EkPQ3yrweccThl5XuqI8Q92P6y8cZNs22YtxNKZN%2F7eEApIcijlPxxedlZ9iITMBKhThSXsdO1tpL5dNxFBSH46nrBBvBIYU5DB0hUWjg5Iv5n30cvkFW149%2BMwtjfvTTLEXf5WVppQwD61wMjjsN0iSF5oT36gkz2Dx4YJJZl8onkxc3ffgXz0BpRktzGHaOrAuSS5w%3D%3D%7Ctkp%3ABk9SR4jP3IO7Yg;Dell Latitude 14 RESISTENTE 5414 ATG i5-6300U 512 GB SSD 16 GB BT CMRA BKLT 8X DVDRWOpens in a new window or tab;Restaurados Â· Dell;USD329.99;+USD351.16 por el envÃ­o;de United States
https://www.ebay.com/itm/185812079360?hash=item2b43435300:g:nEAAAOSw7sZkDmWF&amdata=enc%3AAQAIAAAA4ESZdL5Sof5qNZs9toxkTrgV5zyaW9XbyYmbc1Dt3peckSZLpZCC%2Fmwo9qAWbPuzWoEx4zhdGqFMCa5EdBapJmsC2gcFjY6q%2ByiisOZnNYMKmQQCt5exsiuZ%2Bd4j1JMbfNv9WcvnhAU9MUNCp4zrInxvM8M1cSuxp2VMI0v6a12w0FqOB4PlKiac2s61SUuKPEDUd2FTq%2FzE0cpNGXUPJVHC2Y%2BGmt7GfyVJKi0Tg8VGHKq3O5DzH%2BTMRCZqgTJ0kNVC1RIrNmalPIAcETr0qdyaPEdtp6eG%2BNQisArQGiJQ%7Ctkp%3ABFBMiM_cg7ti;Dell Latitude 3400 Core i3 8145u 2,1 GHz 8 GB RAM 256 GB SSD Win 10 ProOpens in a new window or tab;Restaurados Â· Dell;USD158.00;+USD79.10 por el envÃ­o;de United States
https://www.ebay.com/itm/185861205120?hash=item2b4630ec80:g:BJkAAOSwav1kPyME&amdata=enc%3AAQAIAAAA4NdJLEyqwkTe32CA9KstytRM0DjrHXUOWPwk%2BeUof0Jz4wq3sUkVFgFMpXZjnntmaW7IX%2Faksys44MQIGV9V6Z55577MConPSBPgP7ndDuU%2BFLlwtulw%2BvwTgV7hewDoce83QKvEMLjJVoB%2BhCQBrZHz9mx7dJ1LVAp9dpszfGh3SfCXuMwZfkpw6Tawy2%2FJq%2Bo0GwGThFqfvuWmQyhOipzUIIzSfMZFMUgQAXH9A4BhFj0CgO%2BzMG02U9JIywnh%2Fy2HIq038MbSFhKZYJqvHMQlt3ihMWp47qrC%2Fi%2FYtm7O%7Ctkp%3ABFBMiM_cg7ti;Lenovo ThinkPad T540p 15,6" Core i7 4800MQ 2,7 GHz 16 GB RAM 1 TB SSD Win 10 ProOpens in a new window or tab;Restaurados Â· Lenovo;USD339.00;+USD79.10 por el envÃ­o;de United States
